{
  "query": {
    "apikey": "9ec59f00-7e07-11ec-a622-d9be7ed6b4e3",
    "timestamp": 1643399090,
    "base_currency": "USD"
  },
  "data": {
    "JPY": 115.23256,
    "CNY": 6.37083,
    "CHF": 0.93154,
    "CAD": 1.27923,
    "MXN": 20.86218,
    "INR": 75.0013,
    "BRL": 5.39113,
    "RUB": 77.8774,
    "KRW": 1207.25253,
    "IDR": 14375.37493,
    "TRY": 13.544,
    "SAR": 3.75184,
    "SEK": 9.45924,
    "NGN": 415.00038,
    "PLN": 4.12214,
    "ARS": 104.8325,
    "NOK": 9.01191,
    "TWD": 27.84037,
    "IRR": 42000.70884,
    "AED": 3.67296,
    "COP": 3951.67808,
    "THB": 33.4006,
    "ZAR": 15.66043,
    "DKK": 6.67905,
    "MYR": 4.18807,
    "SGD": 1.35669,
    "ILS": 3.20059,
    "HKD": 7.79344,
    "EGP": 15.72023,
    "PHP": 51.14121,
    "CLP": 811.44639,
    "PKR": 176.55326,
    "IQD": 1458.55314,
    "DZD": 139.82872,
    "KZT": 434.78506,
    "QAR": 3.65587,
    "CZK": 21.97638,
    "PEN": 3.83941,
    "RON": 4.43528,
    "VND": 22630.49264,
    "BDT": 85.86107,
    "HUF": 321.95369,
    "UAH": 28.70026,
    "AOA": 529.04827,
    "MAD": 9.4375,
    "OMR": 0.38491,
    "CUC": 24.00071,
    "BYR": 2.61603,
    "AZN": 1.69485,
    "LKR": 201.00488,
    "SDG": 439.006,
    "SYP": 2511.03882,
    "MMK": 1769.53562,
    "DOP": 57.5711,
    "UZS": 10810.33909,
    "KES": 113.50275,
    "GTQ": 7.69018,
    "URY": 43.94075,
    "HRV": 6.75476,
    "MOP": 8.02716,
    "ETB": 49.76898,
    "CRC": 640.11063,
    "TZS": 2306.02965,
    "TMT": 3.49006,
    "TND": 2.90256,
    "PAB": 1.00002,
    "LBP": 1505.5392,
    "RSD": 105.47218,
    "LYD": 4.59566,
    "GHS": 6.05009,
    "YER": 250.0073,
    "BOB": 6.81018,
    "BHD": 0.37691,
    "CDF": 1996.09668,
    "PYG": 7068.82571,
    "UGX": 3505.05874,
    "SVC": 8.74996,
    "TTD": 6.74947,
    "AFN": 103.11205,
    "NPR": 120.05202,
    "HNL": 24.4286,
    "BIH": 1.75453,
    "BND": 1.35673,
    "ISK": 129.07177,
    "KHR": 4050.0592,
    "GEL": 3.02504,
    "MZN": 63.10145,
    "BWP": 11.58762,
    "PGK": 3.51125,
    "JMD": 155.59432,
    "XAF": 587.30718,
    "NAD": 15.68526,
    "ALL": 108.16154,
    "SSP": 427.85354,
    "MUR": 43.00097,
    "MNT": 2844.03377,
    "NIO": 35.58099,
    "LAK": 11278.96738,
    "MKD": 55.05126,
    "AMD": 481.55651,
    "MGA": 3981.96285,
    "XPF": 106.79319,
    "TJS": 11.2902,
    "HTG": 101.60961,
    "BSD": 1.00003,
    "MDL": 17.84025,
    "RWF": 1027.51672,
    "KGS": 84.7991,
    "GNF": 8965.26879,
    "SRD": 20.80153,
    "SLL": 11347.30382,
    "XOF": 585.76601,
    "MWK": 808.92048,
    "FJD": 2.13792,
    "ERN": 15.07044,
    "SZL": 15.64234,
    "GYD": 208.19556,
    "BIF": 1993.94789,
    "KYD": 0.82501,
    "MVR": 15.42039,
    "LSL": 15.64224,
    "LRD": 151.00232,
    "CVE": 98.9222,
    "DJF": 177.60426,
    "SCR": 14.02763,
    "SOS": 575.00805,
    "GMD": 53.00098,
    "KMF": 441.02179,
    "STD": 21.97748,
    "XRP": 1.67119,
    "AUD": 1.4279,
    "BGN": 1.75464,
    "BTC": 0.0276,
    "JOD": 0.70691,
    "GBP": 0.74799,
    "ETH": 0.00042,
    "EUR": 0.8971,
    "LTC": 0.0094,
    "NZD": 1.52508
  }
}
